date,total_cases,new_cases_smoothed,total_deaths,new_deaths_smoothed,total_cases_per_million,new_cases_smoothed_per_million,total_deaths_per_million,new_deaths_smoothed_per_million,icu_patients,icu_patients_per_million,hosp_patients,hosp_patients_per_million,weekly_icu_admissions,weekly_icu_admissions_per_million,weekly_hosp_admissions,weekly_hosp_admissions_per_million,total_tests,total_tests_per_thousand,new_tests_smoothed,new_tests_smoothed_per_thousand,positive_rate,tests_per_case,tests_units,total_vaccinations,people_vaccinated,people_fully_vaccinated,new_vaccinations_smoothed,total_vaccinations_per_hundred,people_vaccinated_per_hundred,people_fully_vaccinated_per_hundred,new_vaccinations_smoothed_per_million,excess_mortality_cumulative_absolute,excess_mortality_cumulative_per_million
2021-01-24,0,0.0,0,0.0,0.0,0.0,0.0,0.0,0,0.0,0,0.0,0.0,0.0,0.0,0.0,0,0.0,0.0,0.0,0.0,0.0,0,6673,6151,522,0.0,9.95,9.17,0.78,0.0,0.0,0.0
2021-01-25,0,0.0,0,0.0,0.0,0.0,0.0,0.0,0,0.0,0,0.0,0.0,0.0,0.0,0.0,0,0.0,0.0,0.0,0.0,0.0,0,0,0,0,604.0,0.0,0.0,0.0,9008.0,0.0,0.0
2021-01-26,0,0.0,0,0.0,0.0,0.0,0.0,0.0,0,0.0,0,0.0,0.0,0.0,0.0,0.0,0,0.0,0.0,0.0,0.0,0.0,0,0,0,0,604.0,0.0,0.0,0.0,9008.0,0.0,0.0
2021-01-27,0,0.0,0,0.0,0.0,0.0,0.0,0.0,0,0.0,0,0.0,0.0,0.0,0.0,0.0,0,0.0,0.0,0.0,0.0,0.0,0,0,0,0,604.0,0.0,0.0,0.0,9008.0,0.0,0.0
2021-01-28,0,0.0,0,0.0,0.0,0.0,0.0,0.0,0,0.0,0,0.0,0.0,0.0,0.0,0.0,0,0.0,0.0,0.0,0.0,0.0,0,0,0,0,604.0,0.0,0.0,0.0,9008.0,0.0,0.0
2021-01-29,0,0.0,0,0.0,0.0,0.0,0.0,0.0,0,0.0,0,0.0,0.0,0.0,0.0,0.0,0,0.0,0.0,0.0,0.0,0.0,0,0,0,0,604.0,0.0,0.0,0.0,9008.0,0.0,0.0
2021-01-30,0,0.0,0,0.0,0.0,0.0,0.0,0.0,0,0.0,0,0.0,0.0,0.0,0.0,0.0,0,0.0,0.0,0.0,0.0,0.0,0,0,0,0,604.0,0.0,0.0,0.0,9008.0,0.0,0.0
2021-01-31,0,0.0,0,0.0,0.0,0.0,0.0,0.0,0,0.0,0,0.0,0.0,0.0,0.0,0.0,0,0.0,0.0,0.0,0.0,0.0,0,0,0,0,604.0,0.0,0.0,0.0,9008.0,0.0,0.0
2021-02-01,0,0.0,0,0.0,0.0,0.0,0.0,0.0,0,0.0,0,0.0,0.0,0.0,0.0,0.0,0,0.0,0.0,0.0,0.0,0.0,0,0,0,0,604.0,0.0,0.0,0.0,9008.0,0.0,0.0
2021-02-02,0,0.0,0,0.0,0.0,0.0,0.0,0.0,0,0.0,0,0.0,0.0,0.0,0.0,0.0,0,0.0,0.0,0.0,0.0,0.0,0,0,0,0,604.0,0.0,0.0,0.0,9008.0,0.0,0.0
2021-02-03,0,0.0,0,0.0,0.0,0.0,0.0,0.0,0,0.0,0,0.0,0.0,0.0,0.0,0.0,0,0.0,0.0,0.0,0.0,0.0,0,0,0,0,604.0,0.0,0.0,0.0,9008.0,0.0,0.0
2021-02-04,0,0.0,0,0.0,0.0,0.0,0.0,0.0,0,0.0,0,0.0,0.0,0.0,0.0,0.0,0,0.0,0.0,0.0,0.0,0.0,0,0,0,0,604.0,0.0,0.0,0.0,9008.0,0.0,0.0
2021-02-05,0,0.0,0,0.0,0.0,0.0,0.0,0.0,0,0.0,0,0.0,0.0,0.0,0.0,0.0,0,0.0,0.0,0.0,0.0,0.0,0,0,0,0,604.0,0.0,0.0,0.0,9008.0,0.0,0.0
2021-02-06,0,0.0,0,0.0,0.0,0.0,0.0,0.0,0,0.0,0,0.0,0.0,0.0,0.0,0.0,0,0.0,0.0,0.0,0.0,0.0,0,0,0,0,604.0,0.0,0.0,0.0,9008.0,0.0,0.0
2021-02-07,0,0.0,0,0.0,0.0,0.0,0.0,0.0,0,0.0,0,0.0,0.0,0.0,0.0,0.0,0,0.0,0.0,0.0,0.0,0.0,0,15135,12045,3090,604.0,22.57,17.96,4.61,9008.0,0.0,0.0
2021-02-08,0,0.0,0,0.0,0.0,0.0,0.0,0.0,0,0.0,0,0.0,0.0,0.0,0.0,0.0,0,0.0,0.0,0.0,0.0,0.0,0,0,0,0,603.0,0.0,0.0,0.0,8993.0,0.0,0.0
2021-02-09,0,0.0,0,0.0,0.0,0.0,0.0,0.0,0,0.0,0,0.0,0.0,0.0,0.0,0.0,0,0.0,0.0,0.0,0.0,0.0,0,0,0,0,601.0,0.0,0.0,0.0,8963.0,0.0,0.0
2021-02-10,0,0.0,0,0.0,0.0,0.0,0.0,0.0,0,0.0,0,0.0,0.0,0.0,0.0,0.0,0,0.0,0.0,0.0,0.0,0.0,0,0,0,0,599.0,0.0,0.0,0.0,8933.0,0.0,0.0
2021-02-11,0,0.0,0,0.0,0.0,0.0,0.0,0.0,0,0.0,0,0.0,0.0,0.0,0.0,0.0,0,0.0,0.0,0.0,0.0,0.0,0,0,0,0,598.0,0.0,0.0,0.0,8918.0,0.0,0.0
2021-02-12,0,0.0,0,0.0,0.0,0.0,0.0,0.0,0,0.0,0,0.0,0.0,0.0,0.0,0.0,0,0.0,0.0,0.0,0.0,0.0,0,0,0,0,596.0,0.0,0.0,0.0,8889.0,0.0,0.0
2021-02-13,0,0.0,0,0.0,0.0,0.0,0.0,0.0,0,0.0,0,0.0,0.0,0.0,0.0,0.0,0,0.0,0.0,0.0,0.0,0.0,0,0,0,0,594.0,0.0,0.0,0.0,8859.0,0.0,0.0
2021-02-14,0,0.0,0,0.0,0.0,0.0,0.0,0.0,0,0.0,0,0.0,0.0,0.0,0.0,0.0,0,0.0,0.0,0.0,0.0,0.0,0,19284,13950,5334,593.0,28.76,20.8,7.96,8844.0,0.0,0.0
2021-02-15,0,0.0,0,0.0,0.0,0.0,0.0,0.0,0,0.0,0,0.0,0.0,0.0,0.0,0.0,0,0.0,0.0,0.0,0.0,0.0,0,0,0,0,520.0,0.0,0.0,0.0,7755.0,0.0,0.0
2021-02-16,0,0.0,0,0.0,0.0,0.0,0.0,0.0,0,0.0,0,0.0,0.0,0.0,0.0,0.0,0,0.0,0.0,0.0,0.0,0.0,0,0,0,0,448.0,0.0,0.0,0.0,6681.0,0.0,0.0
2021-02-17,0,0.0,0,0.0,0.0,0.0,0.0,0.0,0,0.0,0,0.0,0.0,0.0,0.0,0.0,0,0.0,0.0,0.0,0.0,0.0,0,0,0,0,375.0,0.0,0.0,0.0,5593.0,0.0,0.0
2021-02-18,0,0.0,0,0.0,0.0,0.0,0.0,0.0,0,0.0,0,0.0,0.0,0.0,0.0,0.0,0,0.0,0.0,0.0,0.0,0.0,0,0,0,0,302.0,0.0,0.0,0.0,4504.0,0.0,0.0
2021-02-19,0,0.0,0,0.0,0.0,0.0,0.0,0.0,0,0.0,0,0.0,0.0,0.0,0.0,0.0,0,0.0,0.0,0.0,0.0,0.0,0,0,0,0,230.0,0.0,0.0,0.0,3430.0,0.0,0.0
2021-02-20,0,0.0,0,0.0,0.0,0.0,0.0,0.0,0,0.0,0,0.0,0.0,0.0,0.0,0.0,0,0.0,0.0,0.0,0.0,0.0,0,0,0,0,157.0,0.0,0.0,0.0,2341.0,0.0,0.0
2021-02-21,0,0.0,0,0.0,0.0,0.0,0.0,0.0,0,0.0,0,0.0,0.0,0.0,0.0,0.0,0,0.0,0.0,0.0,0.0,0.0,0,0,0,0,85.0,0.0,0.0,0.0,1268.0,0.0,0.0
2021-02-22,0,0.0,0,0.0,0.0,0.0,0.0,0.0,0,0.0,0,0.0,0.0,0.0,0.0,0.0,0,0.0,0.0,0.0,0.0,0.0,0,0,0,0,85.0,0.0,0.0,0.0,1268.0,0.0,0.0
2021-02-23,0,0.0,0,0.0,0.0,0.0,0.0,0.0,0,0.0,0,0.0,0.0,0.0,0.0,0.0,0,0.0,0.0,0.0,0.0,0.0,0,20047,0,0,85.0,29.9,0.0,0.0,1268.0,0.0,0.0
2021-02-24,0,0.0,0,0.0,0.0,0.0,0.0,0.0,0,0.0,0,0.0,0.0,0.0,0.0,0.0,0,0.0,0.0,0.0,0.0,0.0,0,0,0,0,113.0,0.0,0.0,0.0,1685.0,0.0,0.0
2021-02-25,0,0.0,0,0.0,0.0,0.0,0.0,0.0,0,0.0,0,0.0,0.0,0.0,0.0,0.0,0,0.0,0.0,0.0,0.0,0.0,0,0,0,0,142.0,0.0,0.0,0.0,2118.0,0.0,0.0
2021-02-26,0,0.0,0,0.0,0.0,0.0,0.0,0.0,0,0.0,0,0.0,0.0,0.0,0.0,0.0,0,0.0,0.0,0.0,0.0,0.0,0,0,0,0,170.0,0.0,0.0,0.0,2535.0,0.0,0.0
2021-02-27,0,0.0,0,0.0,0.0,0.0,0.0,0.0,0,0.0,0,0.0,0.0,0.0,0.0,0.0,0,0.0,0.0,0.0,0.0,0.0,0,0,0,0,199.0,0.0,0.0,0.0,2968.0,0.0,0.0
2021-02-28,0,0.0,0,0.0,0.0,0.0,0.0,0.0,0,0.0,0,0.0,0.0,0.0,0.0,0.0,0,0.0,0.0,0.0,0.0,0.0,0,0,0,0,228.0,0.0,0.0,0.0,3400.0,0.0,0.0
2021-03-01,0,0.0,0,0.0,0.0,0.0,0.0,0.0,0,0.0,0,0.0,0.0,0.0,0.0,0.0,0,0.0,0.0,0.0,0.0,0.0,0,0,0,0,256.0,0.0,0.0,0.0,3818.0,0.0,0.0
2021-03-02,0,0.0,0,0.0,0.0,0.0,0.0,0.0,0,0.0,0,0.0,0.0,0.0,0.0,0.0,0,0.0,0.0,0.0,0.0,0.0,0,22040,0,0,285.0,32.87,0.0,0.0,4250.0,0.0,0.0
2021-03-03,0,0.0,0,0.0,0.0,0.0,0.0,0.0,0,0.0,0,0.0,0.0,0.0,0.0,0.0,0,0.0,0.0,0.0,0.0,0.0,0,0,0,0,349.0,0.0,0.0,0.0,5205.0,0.0,0.0
2021-03-04,0,0.0,0,0.0,0.0,0.0,0.0,0.0,0,0.0,0,0.0,0.0,0.0,0.0,0.0,0,0.0,0.0,0.0,0.0,0.0,0,0,0,0,413.0,0.0,0.0,0.0,6159.0,0.0,0.0
2021-03-05,0,0.0,0,0.0,0.0,0.0,0.0,0.0,0,0.0,0,0.0,0.0,0.0,0.0,0.0,0,0.0,0.0,0.0,0.0,0.0,0,0,0,0,477.0,0.0,0.0,0.0,7114.0,0.0,0.0
2021-03-06,0,0.0,0,0.0,0.0,0.0,0.0,0.0,0,0.0,0,0.0,0.0,0.0,0.0,0.0,0,0.0,0.0,0.0,0.0,0.0,0,0,0,0,542.0,0.0,0.0,0.0,8083.0,0.0,0.0
2021-03-07,0,0.0,0,0.0,0.0,0.0,0.0,0.0,0,0.0,0,0.0,0.0,0.0,0.0,0.0,0,0.0,0.0,0.0,0.0,0.0,0,0,0,0,606.0,0.0,0.0,0.0,9038.0,0.0,0.0
2021-03-08,0,0.0,0,0.0,0.0,0.0,0.0,0.0,0,0.0,0,0.0,0.0,0.0,0.0,0.0,0,0.0,0.0,0.0,0.0,0.0,0,0,0,0,670.0,0.0,0.0,0.0,9992.0,0.0,0.0
2021-03-09,0,0.0,0,0.0,0.0,0.0,0.0,0.0,0,0.0,0,0.0,0.0,0.0,0.0,0.0,0,0.0,0.0,0.0,0.0,0.0,0,0,0,0,734.0,0.0,0.0,0.0,10947.0,0.0,0.0
2021-03-10,0,0.0,0,0.0,0.0,0.0,0.0,0.0,0,0.0,0,0.0,0.0,0.0,0.0,0.0,0,0.0,0.0,0.0,0.0,0.0,0,0,0,0,734.0,0.0,0.0,0.0,10947.0,0.0,0.0
2021-03-11,0,0.0,0,0.0,0.0,0.0,0.0,0.0,0,0.0,0,0.0,0.0,0.0,0.0,0.0,0,0.0,0.0,0.0,0.0,0.0,0,0,0,0,734.0,0.0,0.0,0.0,10947.0,0.0,0.0
2021-03-12,0,0.0,0,0.0,0.0,0.0,0.0,0.0,0,0.0,0,0.0,0.0,0.0,0.0,0.0,0,0.0,0.0,0.0,0.0,0.0,0,29383,21500,7883,734.0,43.82,32.06,11.76,10947.0,0.0,0.0
2021-03-13,0,0.0,0,0.0,0.0,0.0,0.0,0.0,0,0.0,0,0.0,0.0,0.0,0.0,0.0,0,0.0,0.0,0.0,0.0,0.0,0,0,0,0,676.0,0.0,0.0,0.0,10082.0,0.0,0.0
2021-03-14,0,0.0,0,0.0,0.0,0.0,0.0,0.0,0,0.0,0,0.0,0.0,0.0,0.0,0.0,0,0.0,0.0,0.0,0.0,0.0,0,0,0,0,617.0,0.0,0.0,0.0,9202.0,0.0,0.0
2021-03-15,0,0.0,0,0.0,0.0,0.0,0.0,0.0,0,0.0,0,0.0,0.0,0.0,0.0,0.0,0,0.0,0.0,0.0,0.0,0.0,0,0,0,0,559.0,0.0,0.0,0.0,8337.0,0.0,0.0
2021-03-16,0,0.0,0,0.0,0.0,0.0,0.0,0.0,0,0.0,0,0.0,0.0,0.0,0.0,0.0,0,0.0,0.0,0.0,0.0,0.0,0,0,0,0,500.0,0.0,0.0,0.0,7457.0,0.0,0.0
2021-03-17,0,0.0,0,0.0,0.0,0.0,0.0,0.0,0,0.0,0,0.0,0.0,0.0,0.0,0.0,0,0.0,0.0,0.0,0.0,0.0,0,0,0,0,442.0,0.0,0.0,0.0,6592.0,0.0,0.0
2021-03-18,0,0.0,0,0.0,0.0,0.0,0.0,0.0,0,0.0,0,0.0,0.0,0.0,0.0,0.0,0,0.0,0.0,0.0,0.0,0.0,0,0,0,0,383.0,0.0,0.0,0.0,5712.0,0.0,0.0
2021-03-19,0,0.0,0,0.0,0.0,0.0,0.0,0.0,0,0.0,0,0.0,0.0,0.0,0.0,0.0,0,0.0,0.0,0.0,0.0,0.0,0,0,0,0,325.0,0.0,0.0,0.0,4847.0,0.0,0.0
2021-03-20,0,0.0,0,0.0,0.0,0.0,0.0,0.0,0,0.0,0,0.0,0.0,0.0,0.0,0.0,0,0.0,0.0,0.0,0.0,0.0,0,0,0,0,325.0,0.0,0.0,0.0,4847.0,0.0,0.0
2021-03-21,0,0.0,0,0.0,0.0,0.0,0.0,0.0,0,0.0,0,0.0,0.0,0.0,0.0,0.0,0,0.0,0.0,0.0,0.0,0.0,0,0,0,0,325.0,0.0,0.0,0.0,4847.0,0.0,0.0
2021-03-22,0,0.0,0,0.0,0.0,0.0,0.0,0.0,0,0.0,0,0.0,0.0,0.0,0.0,0.0,0,0.0,0.0,0.0,0.0,0.0,0,0,0,0,325.0,0.0,0.0,0.0,4847.0,0.0,0.0
2021-03-23,0,0.0,0,0.0,0.0,0.0,0.0,0.0,0,0.0,0,0.0,0.0,0.0,0.0,0.0,0,0.0,0.0,0.0,0.0,0.0,0,0,0,0,325.0,0.0,0.0,0.0,4847.0,0.0,0.0
2021-03-24,0,0.0,0,0.0,0.0,0.0,0.0,0.0,0,0.0,0,0.0,0.0,0.0,0.0,0.0,0,0.0,0.0,0.0,0.0,0.0,0,0,0,0,325.0,0.0,0.0,0.0,4847.0,0.0,0.0
2021-03-25,0,0.0,0,0.0,0.0,0.0,0.0,0.0,0,0.0,0,0.0,0.0,0.0,0.0,0.0,0,0.0,0.0,0.0,0.0,0.0,0,0,0,0,325.0,0.0,0.0,0.0,4847.0,0.0,0.0
2021-03-26,0,0.0,0,0.0,0.0,0.0,0.0,0.0,0,0.0,0,0.0,0.0,0.0,0.0,0.0,0,0.0,0.0,0.0,0.0,0.0,0,0,0,0,325.0,0.0,0.0,0.0,4847.0,0.0,0.0
2021-03-27,0,0.0,0,0.0,0.0,0.0,0.0,0.0,0,0.0,0,0.0,0.0,0.0,0.0,0.0,0,0.0,0.0,0.0,0.0,0.0,0,0,0,0,325.0,0.0,0.0,0.0,4847.0,0.0,0.0
2021-03-28,0,0.0,0,0.0,0.0,0.0,0.0,0.0,0,0.0,0,0.0,0.0,0.0,0.0,0.0,0,0.0,0.0,0.0,0.0,0.0,0,0,0,0,325.0,0.0,0.0,0.0,4847.0,0.0,0.0
2021-03-29,0,0.0,0,0.0,0.0,0.0,0.0,0.0,0,0.0,0,0.0,0.0,0.0,0.0,0.0,0,0.0,0.0,0.0,0.0,0.0,0,0,0,0,325.0,0.0,0.0,0.0,4847.0,0.0,0.0
2021-03-30,0,0.0,0,0.0,0.0,0.0,0.0,0.0,0,0.0,0,0.0,0.0,0.0,0.0,0.0,0,0.0,0.0,0.0,0.0,0.0,0,0,0,0,325.0,0.0,0.0,0.0,4847.0,0.0,0.0
2021-03-31,0,0.0,0,0.0,0.0,0.0,0.0,0.0,0,0.0,0,0.0,0.0,0.0,0.0,0.0,0,0.0,0.0,0.0,0.0,0.0,0,0,0,0,325.0,0.0,0.0,0.0,4847.0,0.0,0.0
2021-04-01,0,0.0,0,0.0,0.0,0.0,0.0,0.0,0,0.0,0,0.0,0.0,0.0,0.0,0.0,0,0.0,0.0,0.0,0.0,0.0,0,0,0,0,325.0,0.0,0.0,0.0,4847.0,0.0,0.0
2021-04-02,0,0.0,0,0.0,0.0,0.0,0.0,0.0,0,0.0,0,0.0,0.0,0.0,0.0,0.0,0,0.0,0.0,0.0,0.0,0.0,0,0,0,0,325.0,0.0,0.0,0.0,4847.0,0.0,0.0
2021-04-03,0,0.0,0,0.0,0.0,0.0,0.0,0.0,0,0.0,0,0.0,0.0,0.0,0.0,0.0,0,0.0,0.0,0.0,0.0,0.0,0,0,0,0,325.0,0.0,0.0,0.0,4847.0,0.0,0.0
2021-04-04,0,0.0,0,0.0,0.0,0.0,0.0,0.0,0,0.0,0,0.0,0.0,0.0,0.0,0.0,0,0.0,0.0,0.0,0.0,0.0,0,0,0,0,325.0,0.0,0.0,0.0,4847.0,0.0,0.0
2021-04-05,0,0.0,0,0.0,0.0,0.0,0.0,0.0,0,0.0,0,0.0,0.0,0.0,0.0,0.0,0,0.0,0.0,0.0,0.0,0.0,0,0,0,0,325.0,0.0,0.0,0.0,4847.0,0.0,0.0
2021-04-06,0,0.0,0,0.0,0.0,0.0,0.0,0.0,0,0.0,0,0.0,0.0,0.0,0.0,0.0,0,0.0,0.0,0.0,0.0,0.0,0,0,0,0,325.0,0.0,0.0,0.0,4847.0,0.0,0.0
2021-04-07,0,0.0,0,0.0,0.0,0.0,0.0,0.0,0,0.0,0,0.0,0.0,0.0,0.0,0.0,0,0.0,0.0,0.0,0.0,0.0,0,37829,29575,8254,325.0,56.42,44.11,12.31,4847.0,0.0,0.0
2021-04-08,0,0.0,0,0.0,0.0,0.0,0.0,0.0,0,0.0,0,0.0,0.0,0.0,0.0,0.0,0,0.0,0.0,0.0,0.0,0.0,0,0,0,0,361.0,0.0,0.0,0.0,5384.0,0.0,0.0
2021-04-09,0,0.0,0,0.0,0.0,0.0,0.0,0.0,0,0.0,0,0.0,0.0,0.0,0.0,0.0,0,0.0,0.0,0.0,0.0,0.0,0,0,0,0,396.0,0.0,0.0,0.0,5906.0,0.0,0.0
2021-04-10,0,0.0,0,0.0,0.0,0.0,0.0,0.0,0,0.0,0,0.0,0.0,0.0,0.0,0.0,0,0.0,0.0,0.0,0.0,0.0,0,0,0,0,432.0,0.0,0.0,0.0,6443.0,0.0,0.0
2021-04-11,0,0.0,0,0.0,0.0,0.0,0.0,0.0,0,0.0,0,0.0,0.0,0.0,0.0,0.0,0,0.0,0.0,0.0,0.0,0.0,0,0,0,0,468.0,0.0,0.0,0.0,6980.0,0.0,0.0
2021-04-12,0,0.0,0,0.0,0.0,0.0,0.0,0.0,0,0.0,0,0.0,0.0,0.0,0.0,0.0,0,0.0,0.0,0.0,0.0,0.0,0,0,0,0,504.0,0.0,0.0,0.0,7517.0,0.0,0.0
2021-04-13,0,0.0,0,0.0,0.0,0.0,0.0,0.0,0,0.0,0,0.0,0.0,0.0,0.0,0.0,0,0.0,0.0,0.0,0.0,0.0,0,0,0,0,540.0,0.0,0.0,0.0,8053.0,0.0,0.0
2021-04-14,0,0.0,0,0.0,0.0,0.0,0.0,0.0,0,0.0,0,0.0,0.0,0.0,0.0,0.0,0,0.0,0.0,0.0,0.0,0.0,0,0,0,0,575.0,0.0,0.0,0.0,8575.0,0.0,0.0
2021-04-15,0,0.0,0,0.0,0.0,0.0,0.0,0.0,0,0.0,0,0.0,0.0,0.0,0.0,0.0,0,0.0,0.0,0.0,0.0,0.0,0,0,0,0,575.0,0.0,0.0,0.0,8575.0,0.0,0.0
2021-04-16,0,0.0,0,0.0,0.0,0.0,0.0,0.0,0,0.0,0,0.0,0.0,0.0,0.0,0.0,0,0.0,0.0,0.0,0.0,0.0,0,43007,31538,11469,575.0,64.14,47.04,17.1,8575.0,0.0,0.0
2021-04-17,0,0.0,0,0.0,0.0,0.0,0.0,0.0,0,0.0,0,0.0,0.0,0.0,0.0,0.0,0,0.0,0.0,0.0,0.0,0.0,0,0,0,0,621.0,0.0,0.0,0.0,9261.0,0.0,0.0
2021-04-18,0,0.0,0,0.0,0.0,0.0,0.0,0.0,0,0.0,0,0.0,0.0,0.0,0.0,0.0,0,0.0,0.0,0.0,0.0,0.0,0,0,0,0,667.0,0.0,0.0,0.0,9948.0,0.0,0.0
2021-04-19,0,0.0,0,0.0,0.0,0.0,0.0,0.0,0,0.0,0,0.0,0.0,0.0,0.0,0.0,0,0.0,0.0,0.0,0.0,0.0,0,0,0,0,712.0,0.0,0.0,0.0,10619.0,0.0,0.0
2021-04-20,0,0.0,0,0.0,0.0,0.0,0.0,0.0,0,0.0,0,0.0,0.0,0.0,0.0,0.0,0,0.0,0.0,0.0,0.0,0.0,0,46587,32969,13618,758.0,69.48,49.17,20.31,11305.0,0.0,0.0
2021-04-21,0,0.0,0,0.0,0.0,0.0,0.0,0.0,0,0.0,0,0.0,0.0,0.0,0.0,0.0,0,0.0,0.0,0.0,0.0,0.0,0,0,0,0,728.0,0.0,0.0,0.0,10857.0,0.0,0.0
2021-04-22,0,0.0,0,0.0,0.0,0.0,0.0,0.0,0,0.0,0,0.0,0.0,0.0,0.0,0.0,0,0.0,0.0,0.0,0.0,0.0,0,0,0,0,699.0,0.0,0.0,0.0,10425.0,0.0,0.0
2021-04-23,0,0.0,0,0.0,0.0,0.0,0.0,0.0,0,0.0,0,0.0,0.0,0.0,0.0,0.0,0,0.0,0.0,0.0,0.0,0.0,0,0,0,0,669.0,0.0,0.0,0.0,9977.0,0.0,0.0
2021-04-24,0,0.0,0,0.0,0.0,0.0,0.0,0.0,0,0.0,0,0.0,0.0,0.0,0.0,0.0,0,0.0,0.0,0.0,0.0,0.0,0,0,0,0,594.0,0.0,0.0,0.0,8859.0,0.0,0.0
2021-04-25,0,0.0,0,0.0,0.0,0.0,0.0,0.0,0,0.0,0,0.0,0.0,0.0,0.0,0.0,0,0.0,0.0,0.0,0.0,0.0,0,0,0,0,518.0,0.0,0.0,0.0,7725.0,0.0,0.0
2021-04-26,0,0.0,0,0.0,0.0,0.0,0.0,0.0,0,0.0,0,0.0,0.0,0.0,0.0,0.0,0,0.0,0.0,0.0,0.0,0.0,0,0,0,0,443.0,0.0,0.0,0.0,6607.0,0.0,0.0
2021-04-27,0,0.0,0,0.0,0.0,0.0,0.0,0.0,0,0.0,0,0.0,0.0,0.0,0.0,0.0,0,0.0,0.0,0.0,0.0,0.0,0,0,0,0,368.0,0.0,0.0,0.0,5488.0,0.0,0.0
2021-04-28,0,0.0,0,0.0,0.0,0.0,0.0,0.0,0,0.0,0,0.0,0.0,0.0,0.0,0.0,0,0.0,0.0,0.0,0.0,0.0,0,0,0,0,368.0,0.0,0.0,0.0,5488.0,0.0,0.0
2021-04-29,0,0.0,0,0.0,0.0,0.0,0.0,0.0,0,0.0,0,0.0,0.0,0.0,0.0,0.0,0,0.0,0.0,0.0,0.0,0.0,0,0,0,0,368.0,0.0,0.0,0.0,5488.0,0.0,0.0
2021-04-30,0,0.0,0,0.0,0.0,0.0,0.0,0.0,0,0.0,0,0.0,0.0,0.0,0.0,0.0,0,0.0,0.0,0.0,0.0,0.0,0,0,0,0,368.0,0.0,0.0,0.0,5488.0,0.0,0.0
2021-05-01,0,0.0,0,0.0,0.0,0.0,0.0,0.0,0,0.0,0,0.0,0.0,0.0,0.0,0.0,0,0.0,0.0,0.0,0.0,0.0,0,0,0,0,368.0,0.0,0.0,0.0,5488.0,0.0,0.0
2021-05-02,0,0.0,0,0.0,0.0,0.0,0.0,0.0,0,0.0,0,0.0,0.0,0.0,0.0,0.0,0,0.0,0.0,0.0,0.0,0.0,0,0,0,0,368.0,0.0,0.0,0.0,5488.0,0.0,0.0
2021-05-03,0,0.0,0,0.0,0.0,0.0,0.0,0.0,0,0.0,0,0.0,0.0,0.0,0.0,0.0,0,0.0,0.0,0.0,0.0,0.0,0,0,0,0,368.0,0.0,0.0,0.0,5488.0,0.0,0.0
2021-05-04,0,0.0,0,0.0,0.0,0.0,0.0,0.0,0,0.0,0,0.0,0.0,0.0,0.0,0.0,0,0.0,0.0,0.0,0.0,0.0,0,0,0,0,368.0,0.0,0.0,0.0,5488.0,0.0,0.0
2021-05-05,0,0.0,0,0.0,0.0,0.0,0.0,0.0,0,0.0,0,0.0,0.0,0.0,0.0,0.0,0,0.0,0.0,0.0,0.0,0.0,0,0,0,0,368.0,0.0,0.0,0.0,5488.0,0.0,0.0
2021-05-06,0,0.0,0,0.0,0.0,0.0,0.0,0.0,0,0.0,0,0.0,0.0,0.0,0.0,0.0,0,0.0,0.0,0.0,0.0,0.0,0,0,0,0,368.0,0.0,0.0,0.0,5488.0,0.0,0.0
2021-05-07,0,0.0,0,0.0,0.0,0.0,0.0,0.0,0,0.0,0,0.0,0.0,0.0,0.0,0.0,0,0.0,0.0,0.0,0.0,0.0,0,0,0,0,368.0,0.0,0.0,0.0,5488.0,0.0,0.0
2021-05-08,0,0.0,0,0.0,0.0,0.0,0.0,0.0,0,0.0,0,0.0,0.0,0.0,0.0,0.0,0,0.0,0.0,0.0,0.0,0.0,0,0,0,0,368.0,0.0,0.0,0.0,5488.0,0.0,0.0
2021-05-09,0,0.0,0,0.0,0.0,0.0,0.0,0.0,0,0.0,0,0.0,0.0,0.0,0.0,0.0,0,0.0,0.0,0.0,0.0,0.0,0,0,0,0,368.0,0.0,0.0,0.0,5488.0,0.0,0.0
2021-05-10,0,0.0,0,0.0,0.0,0.0,0.0,0.0,0,0.0,0,0.0,0.0,0.0,0.0,0.0,0,0.0,0.0,0.0,0.0,0.0,0,0,0,0,368.0,0.0,0.0,0.0,5488.0,0.0,0.0
2021-05-11,0,0.0,0,0.0,0.0,0.0,0.0,0.0,0,0.0,0,0.0,0.0,0.0,0.0,0.0,0,0.0,0.0,0.0,0.0,0.0,0,0,0,0,368.0,0.0,0.0,0.0,5488.0,0.0,0.0
2021-05-12,0,0.0,0,0.0,0.0,0.0,0.0,0.0,0,0.0,0,0.0,0.0,0.0,0.0,0.0,0,0.0,0.0,0.0,0.0,0.0,0,54673,0,0,368.0,81.54,0.0,0.0,5488.0,0.0,0.0
2021-05-13,0,0.0,0,0.0,0.0,0.0,0.0,0.0,0,0.0,0,0.0,0.0,0.0,0.0,0.0,0,0.0,0.0,0.0,0.0,0.0,0,55478,0,0,430.0,82.74,0.0,0.0,6413.0,0.0,0.0
2021-05-14,0,0.0,0,0.0,0.0,0.0,0.0,0.0,0,0.0,0,0.0,0.0,0.0,0.0,0.0,0,0.0,0.0,0.0,0.0,0.0,0,0,0,0,436.0,0.0,0.0,0.0,6502.0,0.0,0.0
2021-05-15,0,0.0,0,0.0,0.0,0.0,0.0,0.0,0,0.0,0,0.0,0.0,0.0,0.0,0.0,0,0.0,0.0,0.0,0.0,0.0,0,0,0,0,442.0,0.0,0.0,0.0,6592.0,0.0,0.0
2021-05-16,0,0.0,0,0.0,0.0,0.0,0.0,0.0,0,0.0,0,0.0,0.0,0.0,0.0,0.0,0,0.0,0.0,0.0,0.0,0.0,0,0,0,0,447.0,0.0,0.0,0.0,6666.0,0.0,0.0
2021-05-17,0,0.0,0,0.0,0.0,0.0,0.0,0.0,0,0.0,0,0.0,0.0,0.0,0.0,0.0,0,0.0,0.0,0.0,0.0,0.0,0,0,0,0,453.0,0.0,0.0,0.0,6756.0,0.0,0.0
2021-05-18,0,0.0,0,0.0,0.0,0.0,0.0,0.0,0,0.0,0,0.0,0.0,0.0,0.0,0.0,0,0.0,0.0,0.0,0.0,0.0,0,0,0,0,459.0,0.0,0.0,0.0,6845.0,0.0,0.0
2021-05-19,0,0.0,0,0.0,0.0,0.0,0.0,0.0,0,0.0,0,0.0,0.0,0.0,0.0,0.0,0,0.0,0.0,0.0,0.0,0.0,0,0,0,0,465.0,0.0,0.0,0.0,6935.0,0.0,0.0
2021-05-20,0,0.0,0,0.0,0.0,0.0,0.0,0.0,0,0.0,0,0.0,0.0,0.0,0.0,0.0,0,0.0,0.0,0.0,0.0,0.0,0,0,0,0,408.0,0.0,0.0,0.0,6085.0,0.0,0.0
2021-05-21,0,0.0,0,0.0,0.0,0.0,0.0,0.0,0,0.0,0,0.0,0.0,0.0,0.0,0.0,0,0.0,0.0,0.0,0.0,0.0,0,58743,0,0,408.0,87.61,0.0,0.0,6085.0,0.0,0.0
2021-05-22,0,0.0,0,0.0,0.0,0.0,0.0,0.0,0,0.0,0,0.0,0.0,0.0,0.0,0.0,0,0.0,0.0,0.0,0.0,0.0,0,0,0,0,403.0,0.0,0.0,0.0,6010.0,0.0,0.0
2021-05-23,0,0.0,0,0.0,0.0,0.0,0.0,0.0,0,0.0,0,0.0,0.0,0.0,0.0,0.0,0,0.0,0.0,0.0,0.0,0.0,0,59491,0,0,398.0,88.72,0.0,0.0,5936.0,0.0,0.0
2021-05-24,0,0.0,0,0.0,0.0,0.0,0.0,0.0,0,0.0,0,0.0,0.0,0.0,0.0,0.0,0,0.0,0.0,0.0,0.0,0.0,0,61094,0,0,569.0,91.11,0.0,0.0,8486.0,0.0,0.0
2021-05-25,0,0.0,0,0.0,0.0,0.0,0.0,0.0,0,0.0,0,0.0,0.0,0.0,0.0,0.0,0,0.0,0.0,0.0,0.0,0.0,0,61661,0,0,592.0,91.96,0.0,0.0,8829.0,0.0,0.0
2021-05-26,0,0.0,0,0.0,0.0,0.0,0.0,0.0,0,0.0,0,0.0,0.0,0.0,0.0,0.0,0,0.0,0.0,0.0,0.0,0.0,0,62265,0,0,620.0,92.86,0.0,0.0,9247.0,0.0,0.0
2021-05-27,0,0.0,0,0.0,0.0,0.0,0.0,0.0,0,0.0,0,0.0,0.0,0.0,0.0,0.0,0,0.0,0.0,0.0,0.0,0.0,0,63091,0,0,679.0,94.09,0.0,0.0,10126.0,0.0,0.0
2021-05-28,0,0.0,0,0.0,0.0,0.0,0.0,0.0,0,0.0,0,0.0,0.0,0.0,0.0,0.0,0,0.0,0.0,0.0,0.0,0.0,0,63791,0,0,721.0,95.14,0.0,0.0,10753.0,0.0,0.0
2021-05-29,0,0.0,0,0.0,0.0,0.0,0.0,0.0,0,0.0,0,0.0,0.0,0.0,0.0,0.0,0,0.0,0.0,0.0,0.0,0.0,0,0,0,0,769.0,0.0,0.0,0.0,11469.0,0.0,0.0
2021-05-30,0,0.0,0,0.0,0.0,0.0,0.0,0.0,0,0.0,0,0.0,0.0,0.0,0.0,0.0,0,0.0,0.0,0.0,0.0,0.0,0,0,0,0,817.0,0.0,0.0,0.0,12185.0,0.0,0.0
2021-05-31,0,0.0,0,0.0,0.0,0.0,0.0,0.0,0,0.0,0,0.0,0.0,0.0,0.0,0.0,0,0.0,0.0,0.0,0.0,0.0,0,0,0,0,689.0,0.0,0.0,0.0,10276.0,0.0,0.0
2021-06-01,0,0.0,0,0.0,0.0,0.0,0.0,0.0,0,0.0,0,0.0,0.0,0.0,0.0,0.0,0,0.0,0.0,0.0,0.0,0.0,0,66626,0,0,709.0,99.36,0.0,0.0,10574.0,0.0,0.0
2021-06-02,0,0.0,0,0.0,0.0,0.0,0.0,0.0,0,0.0,0,0.0,0.0,0.0,0.0,0.0,0,0.0,0.0,0.0,0.0,0.0,0,67253,0,0,713.0,100.3,0.0,0.0,10634.0,0.0,0.0
2021-06-03,0,0.0,0,0.0,0.0,0.0,0.0,0.0,0,0.0,0,0.0,0.0,0.0,0.0,0.0,0,0.0,0.0,0.0,0.0,0.0,0,67926,0,0,691.0,101.3,0.0,0.0,10305.0,0.0,0.0
2021-06-04,0,0.0,0,0.0,0.0,0.0,0.0,0.0,0,0.0,0,0.0,0.0,0.0,0.0,0.0,0,0.0,0.0,0.0,0.0,0.0,0,68592,0,0,686.0,102.3,0.0,0.0,10231.0,0.0,0.0
2021-06-05,0,0.0,0,0.0,0.0,0.0,0.0,0.0,0,0.0,0,0.0,0.0,0.0,0.0,0.0,0,0.0,0.0,0.0,0.0,0.0,0,0,0,0,677.0,0.0,0.0,0.0,10097.0,0.0,0.0
2021-06-06,0,0.0,0,0.0,0.0,0.0,0.0,0.0,0,0.0,0,0.0,0.0,0.0,0.0,0.0,0,0.0,0.0,0.0,0.0,0.0,0,0,0,0,669.0,0.0,0.0,0.0,9977.0,0.0,0.0
2021-06-07,0,0.0,0,0.0,0.0,0.0,0.0,0.0,0,0.0,0,0.0,0.0,0.0,0.0,0.0,0,0.0,0.0,0.0,0.0,0.0,0,70541,0,0,661.0,105.2,0.0,0.0,9858.0,0.0,0.0
2021-06-08,0,0.0,0,0.0,0.0,0.0,0.0,0.0,0,0.0,0,0.0,0.0,0.0,0.0,0.0,0,0.0,0.0,0.0,0.0,0.0,0,71161,0,0,648.0,106.13,0.0,0.0,9664.0,0.0,0.0
2021-06-09,0,0.0,0,0.0,0.0,0.0,0.0,0.0,0,0.0,0,0.0,0.0,0.0,0.0,0.0,0,0.0,0.0,0.0,0.0,0.0,0,0,0,0,646.0,0.0,0.0,0.0,9634.0,0.0,0.0
2021-06-10,0,0.0,0,0.0,0.0,0.0,0.0,0.0,0,0.0,0,0.0,0.0,0.0,0.0,0.0,0,0.0,0.0,0.0,0.0,0.0,0,72387,0,0,637.0,107.96,0.0,0.0,9500.0,0.0,0.0
2021-06-11,0,0.0,0,0.0,0.0,0.0,0.0,0.0,0,0.0,0,0.0,0.0,0.0,0.0,0.0,0,0.0,0.0,0.0,0.0,0.0,0,73167,0,0,654.0,109.12,0.0,0.0,9754.0,0.0,0.0
2021-06-12,0,0.0,0,0.0,0.0,0.0,0.0,0.0,0,0.0,0,0.0,0.0,0.0,0.0,0.0,0,0.0,0.0,0.0,0.0,0.0,0,0,0,0,635.0,0.0,0.0,0.0,9470.0,0.0,0.0
2021-06-13,0,0.0,0,0.0,0.0,0.0,0.0,0.0,0,0.0,0,0.0,0.0,0.0,0.0,0.0,0,0.0,0.0,0.0,0.0,0.0,0,0,0,0,616.0,0.0,0.0,0.0,9187.0,0.0,0.0
2021-06-14,0,0.0,0,0.0,0.0,0.0,0.0,0.0,0,0.0,0,0.0,0.0,0.0,0.0,0.0,0,0.0,0.0,0.0,0.0,0.0,0,74718,0,0,597.0,111.43,0.0,0.0,8904.0,0.0,0.0
2021-06-15,0,0.0,0,0.0,0.0,0.0,0.0,0.0,0,0.0,0,0.0,0.0,0.0,0.0,0.0,0,0.0,0.0,0.0,0.0,0.0,0,75181,0,0,574.0,112.12,0.0,0.0,8561.0,0.0,0.0
2021-06-16,0,0.0,0,0.0,0.0,0.0,0.0,0.0,0,0.0,0,0.0,0.0,0.0,0.0,0.0,0,0.0,0.0,0.0,0.0,0.0,0,0,0,0,549.0,0.0,0.0,0.0,8188.0,0.0,0.0
2021-06-17,0,0.0,0,0.0,0.0,0.0,0.0,0.0,0,0.0,0,0.0,0.0,0.0,0.0,0.0,0,0.0,0.0,0.0,0.0,0.0,0,76048,0,0,523.0,113.42,0.0,0.0,7800.0,0.0,0.0
2021-06-18,0,0.0,0,0.0,0.0,0.0,0.0,0.0,0,0.0,0,0.0,0.0,0.0,0.0,0.0,0,0.0,0.0,0.0,0.0,0.0,0,76401,0,0,462.0,113.94,0.0,0.0,6890.0,0.0,0.0
2021-06-19,0,0.0,0,0.0,0.0,0.0,0.0,0.0,0,0.0,0,0.0,0.0,0.0,0.0,0.0,0,0.0,0.0,0.0,0.0,0.0,0,0,0,0,443.0,0.0,0.0,0.0,6607.0,0.0,0.0
2021-06-20,0,0.0,0,0.0,0.0,0.0,0.0,0.0,0,0.0,0,0.0,0.0,0.0,0.0,0.0,0,0.0,0.0,0.0,0.0,0.0,0,0,0,0,424.0,0.0,0.0,0.0,6323.0,0.0,0.0
2021-06-21,0,0.0,0,0.0,0.0,0.0,0.0,0.0,0,0.0,0,0.0,0.0,0.0,0.0,0.0,0,0.0,0.0,0.0,0.0,0.0,0,77554,0,0,405.0,115.66,0.0,0.0,6040.0,0.0,0.0
2021-06-22,0,0.0,0,0.0,0.0,0.0,0.0,0.0,0,0.0,0,0.0,0.0,0.0,0.0,0.0,0,0.0,0.0,0.0,0.0,0.0,0,77881,0,0,386.0,116.15,0.0,0.0,5757.0,0.0,0.0
2021-06-23,0,0.0,0,0.0,0.0,0.0,0.0,0.0,0,0.0,0,0.0,0.0,0.0,0.0,0.0,0,0.0,0.0,0.0,0.0,0.0,0,0,0,0,381.0,0.0,0.0,0.0,5682.0,0.0,0.0
2021-06-24,0,0.0,0,0.0,0.0,0.0,0.0,0.0,0,0.0,0,0.0,0.0,0.0,0.0,0.0,0,0.0,0.0,0.0,0.0,0.0,0,78684,0,0,377.0,117.35,0.0,0.0,5623.0,0.0,0.0
2021-06-25,0,0.0,0,0.0,0.0,0.0,0.0,0.0,0,0.0,0,0.0,0.0,0.0,0.0,0.0,0,0.0,0.0,0.0,0.0,0.0,0,79028,0,0,375.0,117.86,0.0,0.0,5593.0,0.0,0.0
2021-06-26,0,0.0,0,0.0,0.0,0.0,0.0,0.0,0,0.0,0,0.0,0.0,0.0,0.0,0.0,0,0.0,0.0,0.0,0.0,0.0,0,0,0,0,382.0,0.0,0.0,0.0,5697.0,0.0,0.0
2021-06-27,0,0.0,0,0.0,0.0,0.0,0.0,0.0,0,0.0,0,0.0,0.0,0.0,0.0,0.0,0,0.0,0.0,0.0,0.0,0.0,0,0,0,0,389.0,0.0,0.0,0.0,5801.0,0.0,0.0
2021-06-28,0,0.0,0,0.0,0.0,0.0,0.0,0.0,0,0.0,0,0.0,0.0,0.0,0.0,0.0,0,0.0,0.0,0.0,0.0,0.0,0,0,0,0,396.0,0.0,0.0,0.0,5906.0,0.0,0.0
2021-06-29,0,0.0,0,0.0,0.0,0.0,0.0,0.0,0,0.0,0,0.0,0.0,0.0,0.0,0.0,0,0.0,0.0,0.0,0.0,0.0,0,80754,0,0,410.0,120.43,0.0,0.0,6115.0,0.0,0.0
2021-06-30,0,0.0,0,0.0,0.0,0.0,0.0,0.0,0,0.0,0,0.0,0.0,0.0,0.0,0.0,0,0.0,0.0,0.0,0.0,0.0,0,81164,0,0,412.0,121.05,0.0,0.0,6144.0,0.0,0.0
2021-07-01,0,0.0,0,0.0,0.0,0.0,0.0,0.0,0,0.0,0,0.0,0.0,0.0,0.0,0.0,0,0.0,0.0,0.0,0.0,0.0,0,81551,0,0,410.0,121.62,0.0,0.0,6115.0,0.0,0.0
2021-07-02,0,0.0,0,0.0,0.0,0.0,0.0,0.0,0,0.0,0,0.0,0.0,0.0,0.0,0.0,0,0.0,0.0,0.0,0.0,0.0,0,82060,0,0,433.0,122.38,0.0,0.0,6458.0,0.0,0.0
2021-07-03,0,0.0,0,0.0,0.0,0.0,0.0,0.0,0,0.0,0,0.0,0.0,0.0,0.0,0.0,0,0.0,0.0,0.0,0.0,0.0,0,0,0,0,443.0,0.0,0.0,0.0,6607.0,0.0,0.0
2021-07-04,0,0.0,0,0.0,0.0,0.0,0.0,0.0,0,0.0,0,0.0,0.0,0.0,0.0,0.0,0,0.0,0.0,0.0,0.0,0.0,0,0,0,0,453.0,0.0,0.0,0.0,6756.0,0.0,0.0
2021-07-05,0,0.0,0,0.0,0.0,0.0,0.0,0.0,0,0.0,0,0.0,0.0,0.0,0.0,0.0,0,0.0,0.0,0.0,0.0,0.0,0,83566,0,0,463.0,124.63,0.0,0.0,6905.0,0.0,0.0
2021-07-06,0,0.0,0,0.0,0.0,0.0,0.0,0.0,0,0.0,0,0.0,0.0,0.0,0.0,0.0,0,0.0,0.0,0.0,0.0,0.0,0,84130,0,0,482.0,125.47,0.0,0.0,7188.0,0.0,0.0
2021-07-07,0,0.0,0,0.0,0.0,0.0,0.0,0.0,0,0.0,0,0.0,0.0,0.0,0.0,0.0,0,0.0,0.0,0.0,0.0,0.0,0,84761,0,0,514.0,126.41,0.0,0.0,7666.0,0.0,0.0
2021-07-08,0,0.0,0,0.0,0.0,0.0,0.0,0.0,0,0.0,0,0.0,0.0,0.0,0.0,0.0,0,0.0,0.0,0.0,0.0,0.0,0,0,0,0,543.0,0.0,0.0,0.0,8098.0,0.0,0.0
2021-07-09,0,0.0,0,0.0,0.0,0.0,0.0,0.0,0,0.0,0,0.0,0.0,0.0,0.0,0.0,0,0.0,0.0,0.0,0.0,0.0,0,85940,0,0,554.0,128.17,0.0,0.0,8262.0,0.0,0.0
2021-07-10,0,0.0,0,0.0,0.0,0.0,0.0,0.0,0,0.0,0,0.0,0.0,0.0,0.0,0.0,0,0.0,0.0,0.0,0.0,0.0,0,0,0,0,554.0,0.0,0.0,0.0,8262.0,0.0,0.0
2021-07-11,0,0.0,0,0.0,0.0,0.0,0.0,0.0,0,0.0,0,0.0,0.0,0.0,0.0,0.0,0,0.0,0.0,0.0,0.0,0.0,0,0,0,0,553.0,0.0,0.0,0.0,8247.0,0.0,0.0
2021-07-12,0,0.0,0,0.0,0.0,0.0,0.0,0.0,0,0.0,0,0.0,0.0,0.0,0.0,0.0,0,0.0,0.0,0.0,0.0,0.0,0,87435,0,0,553.0,130.4,0.0,0.0,8247.0,0.0,0.0
2021-07-13,0,0.0,0,0.0,0.0,0.0,0.0,0.0,0,0.0,0,0.0,0.0,0.0,0.0,0.0,0,0.0,0.0,0.0,0.0,0.0,0,87879,0,0,536.0,131.06,0.0,0.0,7994.0,0.0,0.0
2021-07-14,0,0.0,0,0.0,0.0,0.0,0.0,0.0,0,0.0,0,0.0,0.0,0.0,0.0,0.0,0,0.0,0.0,0.0,0.0,0.0,0,88256,0,0,499.0,131.62,0.0,0.0,7442.0,0.0,0.0
2021-07-15,0,0.0,0,0.0,0.0,0.0,0.0,0.0,0,0.0,0,0.0,0.0,0.0,0.0,0.0,0,0.0,0.0,0.0,0.0,0.0,0,88656,0,0,472.0,132.22,0.0,0.0,7039.0,0.0,0.0
2021-07-16,0,0.0,0,0.0,0.0,0.0,0.0,0.0,0,0.0,0,0.0,0.0,0.0,0.0,0.0,0,0.0,0.0,0.0,0.0,0.0,0,88946,0,0,429.0,132.65,0.0,0.0,6398.0,0.0,0.0
2021-07-17,0,0.0,0,0.0,0.0,0.0,0.0,0.0,0,0.0,0,0.0,0.0,0.0,0.0,0.0,0,0.0,0.0,0.0,0.0,0.0,0,0,0,0,401.0,0.0,0.0,0.0,5980.0,0.0,0.0
2021-07-18,0,0.0,0,0.0,0.0,0.0,0.0,0.0,0,0.0,0,0.0,0.0,0.0,0.0,0.0,0,0.0,0.0,0.0,0.0,0.0,0,0,0,0,373.0,0.0,0.0,0.0,5563.0,0.0,0.0
2021-07-19,0,0.0,0,0.0,0.0,0.0,0.0,0.0,0,0.0,0,0.0,0.0,0.0,0.0,0.0,0,0.0,0.0,0.0,0.0,0.0,0,0,0,0,345.0,0.0,0.0,0.0,5145.0,0.0,0.0
2021-07-20,0,0.0,0,0.0,0.0,0.0,0.0,0.0,0,0.0,0,0.0,0.0,0.0,0.0,0.0,0,0.0,0.0,0.0,0.0,0.0,0,90147,0,0,324.0,134.44,0.0,0.0,4832.0,0.0,0.0
2021-07-21,0,0.0,0,0.0,0.0,0.0,0.0,0.0,0,0.0,0,0.0,0.0,0.0,0.0,0.0,0,0.0,0.0,0.0,0.0,0.0,0,90382,0,0,304.0,134.79,0.0,0.0,4534.0,0.0,0.0
2021-07-22,0,0.0,0,0.0,0.0,0.0,0.0,0.0,0,0.0,0,0.0,0.0,0.0,0.0,0.0,0,0.0,0.0,0.0,0.0,0.0,0,90619,0,0,280.0,135.15,0.0,0.0,4176.0,0.0,0.0
2021-07-23,0,0.0,0,0.0,0.0,0.0,0.0,0.0,0,0.0,0,0.0,0.0,0.0,0.0,0.0,0,0.0,0.0,0.0,0.0,0.0,0,90853,0,0,272.0,135.5,0.0,0.0,4057.0,0.0,0.0
2021-07-24,0,0.0,0,0.0,0.0,0.0,0.0,0.0,0,0.0,0,0.0,0.0,0.0,0.0,0.0,0,0.0,0.0,0.0,0.0,0.0,0,0,0,0,261.0,0.0,0.0,0.0,3893.0,0.0,0.0
2021-07-25,0,0.0,0,0.0,0.0,0.0,0.0,0.0,0,0.0,0,0.0,0.0,0.0,0.0,0.0,0,0.0,0.0,0.0,0.0,0.0,0,0,0,0,249.0,0.0,0.0,0.0,3714.0,0.0,0.0
2021-07-26,0,0.0,0,0.0,0.0,0.0,0.0,0.0,0,0.0,0,0.0,0.0,0.0,0.0,0.0,0,0.0,0.0,0.0,0.0,0.0,0,91510,0,0,238.0,136.48,0.0,0.0,3549.0,0.0,0.0
2021-07-27,0,0.0,0,0.0,0.0,0.0,0.0,0.0,0,0.0,0,0.0,0.0,0.0,0.0,0.0,0,0.0,0.0,0.0,0.0,0.0,0,91723,0,0,225.0,136.79,0.0,0.0,3356.0,0.0,0.0
2021-07-28,0,0.0,0,0.0,0.0,0.0,0.0,0.0,0,0.0,0,0.0,0.0,0.0,0.0,0.0,0,0.0,0.0,0.0,0.0,0.0,0,92011,0,0,233.0,137.22,0.0,0.0,3475.0,0.0,0.0
2021-07-29,0,0.0,0,0.0,0.0,0.0,0.0,0.0,0,0.0,0,0.0,0.0,0.0,0.0,0.0,0,0.0,0.0,0.0,0.0,0.0,0,0,0,0,253.0,0.0,0.0,0.0,3773.0,0.0,0.0
2021-07-30,0,0.0,0,0.0,0.0,0.0,0.0,0.0,0,0.0,0,0.0,0.0,0.0,0.0,0.0,0,0.0,0.0,0.0,0.0,0.0,0,92775,0,0,275.0,138.36,0.0,0.0,4101.0,0.0,0.0
2021-07-31,0,0.0,0,0.0,0.0,0.0,0.0,0.0,0,0.0,0,0.0,0.0,0.0,0.0,0.0,0,0.0,0.0,0.0,0.0,0.0,0,0,0,0,298.0,0.0,0.0,0.0,4444.0,0.0,0.0
2021-08-01,0,0.0,0,0.0,0.0,0.0,0.0,0.0,0,0.0,0,0.0,0.0,0.0,0.0,0.0,0,0.0,0.0,0.0,0.0,0.0,0,0,0,0,322.0,0.0,0.0,0.0,4802.0,0.0,0.0
2021-08-02,0,0.0,0,0.0,0.0,0.0,0.0,0.0,0,0.0,0,0.0,0.0,0.0,0.0,0.0,0,0.0,0.0,0.0,0.0,0.0,0,93933,0,0,346.0,140.09,0.0,0.0,5160.0,0.0,0.0
2021-08-03,0,0.0,0,0.0,0.0,0.0,0.0,0.0,0,0.0,0,0.0,0.0,0.0,0.0,0.0,0,0.0,0.0,0.0,0.0,0.0,0,0,0,0,412.0,0.0,0.0,0.0,6144.0,0.0,0.0
2021-08-04,0,0.0,0,0.0,0.0,0.0,0.0,0.0,0,0.0,0,0.0,0.0,0.0,0.0,0.0,0,0.0,0.0,0.0,0.0,0.0,0,95281,0,0,467.0,142.1,0.0,0.0,6965.0,0.0,0.0
2021-08-05,0,0.0,0,0.0,0.0,0.0,0.0,0.0,0,0.0,0,0.0,0.0,0.0,0.0,0.0,0,0.0,0.0,0.0,0.0,0.0,0,0,0,0,445.0,0.0,0.0,0.0,6637.0,0.0,0.0
2021-08-06,0,0.0,0,0.0,0.0,0.0,0.0,0.0,0,0.0,0,0.0,0.0,0.0,0.0,0.0,0,0.0,0.0,0.0,0.0,0.0,0,95738,0,0,423.0,142.78,0.0,0.0,6309.0,0.0,0.0
2021-08-07,0,0.0,0,0.0,0.0,0.0,0.0,0.0,0,0.0,0,0.0,0.0,0.0,0.0,0.0,0,0.0,0.0,0.0,0.0,0.0,0,0,0,0,386.0,0.0,0.0,0.0,5757.0,0.0,0.0
2021-08-08,0,0.0,0,0.0,0.0,0.0,0.0,0.0,0,0.0,0,0.0,0.0,0.0,0.0,0.0,0,0.0,0.0,0.0,0.0,0.0,0,0,0,0,350.0,0.0,0.0,0.0,5220.0,0.0,0.0
2021-08-09,0,0.0,0,0.0,0.0,0.0,0.0,0.0,0,0.0,0,0.0,0.0,0.0,0.0,0.0,0,0.0,0.0,0.0,0.0,0.0,0,96122,0,0,313.0,143.35,0.0,0.0,4668.0,0.0,0.0
2021-08-10,0,0.0,0,0.0,0.0,0.0,0.0,0.0,0,0.0,0,0.0,0.0,0.0,0.0,0.0,0,0.0,0.0,0.0,0.0,0.0,0,0,0,0,235.0,0.0,0.0,0.0,3505.0,0.0,0.0
2021-08-11,0,0.0,0,0.0,0.0,0.0,0.0,0.0,0,0.0,0,0.0,0.0,0.0,0.0,0.0,0,0.0,0.0,0.0,0.0,0.0,0,96382,0,0,157.0,143.74,0.0,0.0,2341.0,0.0,0.0
2021-08-12,0,0.0,0,0.0,0.0,0.0,0.0,0.0,0,0.0,0,0.0,0.0,0.0,0.0,0.0,0,0.0,0.0,0.0,0.0,0.0,0,0,0,0,146.0,0.0,0.0,0.0,2177.0,0.0,0.0
2021-08-13,0,0.0,0,0.0,0.0,0.0,0.0,0.0,0,0.0,0,0.0,0.0,0.0,0.0,0.0,0,0.0,0.0,0.0,0.0,0.0,0,96687,0,0,136.0,144.2,0.0,0.0,2028.0,0.0,0.0
2021-08-14,0,0.0,0,0.0,0.0,0.0,0.0,0.0,0,0.0,0,0.0,0.0,0.0,0.0,0.0,0,0.0,0.0,0.0,0.0,0.0,0,0,0,0,139.0,0.0,0.0,0.0,2073.0,0.0,0.0
2021-08-15,0,0.0,0,0.0,0.0,0.0,0.0,0.0,0,0.0,0,0.0,0.0,0.0,0.0,0.0,0,0.0,0.0,0.0,0.0,0.0,0,0,0,0,142.0,0.0,0.0,0.0,2118.0,0.0,0.0
2021-08-16,0,0.0,0,0.0,0.0,0.0,0.0,0.0,0,0.0,0,0.0,0.0,0.0,0.0,0.0,0,0.0,0.0,0.0,0.0,0.0,0,97141,0,0,146.0,144.87,0.0,0.0,2177.0,0.0,0.0
2021-08-17,0,0.0,0,0.0,0.0,0.0,0.0,0.0,0,0.0,0,0.0,0.0,0.0,0.0,0.0,0,0.0,0.0,0.0,0.0,0.0,0,0,0,0,160.0,0.0,0.0,0.0,2386.0,0.0,0.0
2021-08-18,0,0.0,0,0.0,0.0,0.0,0.0,0.0,0,0.0,0,0.0,0.0,0.0,0.0,0.0,0,0.0,0.0,0.0,0.0,0.0,0,97600,0,0,174.0,145.56,0.0,0.0,2595.0,0.0,0.0
2021-08-19,0,0.0,0,0.0,0.0,0.0,0.0,0.0,0,0.0,0,0.0,0.0,0.0,0.0,0.0,0,0.0,0.0,0.0,0.0,0.0,0,0,0,0,185.0,0.0,0.0,0.0,2759.0,0.0,0.0
2021-08-20,0,0.0,0,0.0,0.0,0.0,0.0,0.0,0,0.0,0,0.0,0.0,0.0,0.0,0.0,0,0.0,0.0,0.0,0.0,0.0,0,98054,0,0,195.0,146.24,0.0,0.0,2908.0,0.0,0.0
2021-08-21,0,0.0,0,0.0,0.0,0.0,0.0,0.0,0,0.0,0,0.0,0.0,0.0,0.0,0.0,0,0.0,0.0,0.0,0.0,0.0,0,0,0,0,187.0,0.0,0.0,0.0,2789.0,0.0,0.0
2021-08-22,0,0.0,0,0.0,0.0,0.0,0.0,0.0,0,0.0,0,0.0,0.0,0.0,0.0,0.0,0,0.0,0.0,0.0,0.0,0.0,0,0,0,0,179.0,0.0,0.0,0.0,2670.0,0.0,0.0
2021-08-23,0,0.0,0,0.0,0.0,0.0,0.0,0.0,0,0.0,0,0.0,0.0,0.0,0.0,0.0,0,0.0,0.0,0.0,0.0,0.0,0,98335,0,0,171.0,146.65,0.0,0.0,2550.0,0.0,0.0
2021-08-24,0,0.0,0,0.0,0.0,0.0,0.0,0.0,0,0.0,0,0.0,0.0,0.0,0.0,0.0,0,0.0,0.0,0.0,0.0,0.0,0,0,0,0,192.0,0.0,0.0,0.0,2863.0,0.0,0.0
2021-08-25,0,0.0,0,0.0,0.0,0.0,0.0,0.0,0,0.0,0,0.0,0.0,0.0,0.0,0.0,0,0.0,0.0,0.0,0.0,0.0,0,99088,0,0,213.0,147.78,0.0,0.0,3177.0,0.0,0.0
2021-08-26,0,0.0,0,0.0,0.0,0.0,0.0,0.0,0,0.0,0,0.0,0.0,0.0,0.0,0.0,0,0.0,0.0,0.0,0.0,0.0,0,0,0,0,206.0,0.0,0.0,0.0,3072.0,0.0,0.0
2021-08-27,0,0.0,0,0.0,0.0,0.0,0.0,0.0,0,0.0,0,0.0,0.0,0.0,0.0,0.0,0,0.0,0.0,0.0,0.0,0.0,0,99443,0,0,198.0,148.31,0.0,0.0,2953.0,0.0,0.0
2021-08-28,0,0.0,0,0.0,0.0,0.0,0.0,0.0,0,0.0,0,0.0,0.0,0.0,0.0,0.0,0,0.0,0.0,0.0,0.0,0.0,0,0,0,0,186.0,0.0,0.0,0.0,2774.0,0.0,0.0
2021-08-29,0,0.0,0,0.0,0.0,0.0,0.0,0.0,0,0.0,0,0.0,0.0,0.0,0.0,0.0,0,0.0,0.0,0.0,0.0,0.0,0,0,0,0,174.0,0.0,0.0,0.0,2595.0,0.0,0.0
2021-08-30,0,0.0,0,0.0,0.0,0.0,0.0,0.0,0,0.0,0,0.0,0.0,0.0,0.0,0.0,0,0.0,0.0,0.0,0.0,0.0,0,0,0,0,162.0,0.0,0.0,0.0,2416.0,0.0,0.0
2021-08-31,0,0.0,0,0.0,0.0,0.0,0.0,0.0,0,0.0,0,0.0,0.0,0.0,0.0,0.0,0,0.0,0.0,0.0,0.0,0.0,0,0,0,0,109.0,0.0,0.0,0.0,1626.0,0.0,0.0
2021-09-01,0,0.0,0,0.0,0.0,0.0,0.0,0.0,0,0.0,0,0.0,0.0,0.0,0.0,0.0,0,0.0,0.0,0.0,0.0,0.0,0,99484,0,0,57.0,148.37,0.0,0.0,850.0,0.0,0.0
2021-09-02,0,0.0,0,0.0,0.0,0.0,0.0,0.0,0,0.0,0,0.0,0.0,0.0,0.0,0.0,0,0.0,0.0,0.0,0.0,0.0,0,0,0,0,46.0,0.0,0.0,0.0,686.0,0.0,0.0
2021-09-03,0,0.0,0,0.0,0.0,0.0,0.0,0.0,0,0.0,0,0.0,0.0,0.0,0.0,0.0,0,0.0,0.0,0.0,0.0,0.0,0,99689,0,0,35.0,148.67,0.0,0.0,522.0,0.0,0.0
2021-09-04,0,0.0,0,0.0,0.0,0.0,0.0,0.0,0,0.0,0,0.0,0.0,0.0,0.0,0.0,0,0.0,0.0,0.0,0.0,0.0,0,0,0,0,76.0,0.0,0.0,0.0,1133.0,0.0,0.0
2021-09-05,0,0.0,0,0.0,0.0,0.0,0.0,0.0,0,0.0,0,0.0,0.0,0.0,0.0,0.0,0,0.0,0.0,0.0,0.0,0.0,0,0,0,0,118.0,0.0,0.0,0.0,1760.0,0.0,0.0
2021-09-06,0,0.0,0,0.0,0.0,0.0,0.0,0.0,0,0.0,0,0.0,0.0,0.0,0.0,0.0,0,0.0,0.0,0.0,0.0,0.0,0,100580,0,0,159.0,150.0,0.0,0.0,2371.0,0.0,0.0
2021-09-07,0,0.0,0,0.0,0.0,0.0,0.0,0.0,0,0.0,0,0.0,0.0,0.0,0.0,0.0,0,0.0,0.0,0.0,0.0,0.0,0,0,0,0,170.0,0.0,0.0,0.0,2535.0,0.0,0.0
2021-09-08,0,0.0,0,0.0,0.0,0.0,0.0,0.0,0,0.0,0,0.0,0.0,0.0,0.0,0.0,0,0.0,0.0,0.0,0.0,0.0,0,100756,0,0,182.0,150.27,0.0,0.0,2714.0,0.0,0.0
2021-09-09,0,0.0,0,0.0,0.0,0.0,0.0,0.0,0,0.0,0,0.0,0.0,0.0,0.0,0.0,0,0.0,0.0,0.0,0.0,0.0,0,0,0,0,181.0,0.0,0.0,0.0,2699.0,0.0,0.0
2021-09-10,0,0.0,0,0.0,0.0,0.0,0.0,0.0,0,0.0,0,0.0,0.0,0.0,0.0,0.0,0,0.0,0.0,0.0,0.0,0.0,0,100957,0,0,181.0,150.57,0.0,0.0,2699.0,0.0,0.0
2021-09-11,0,0.0,0,0.0,0.0,0.0,0.0,0.0,0,0.0,0,0.0,0.0,0.0,0.0,0.0,0,0.0,0.0,0.0,0.0,0.0,0,0,0,0,149.0,0.0,0.0,0.0,2222.0,0.0,0.0
2021-09-12,0,0.0,0,0.0,0.0,0.0,0.0,0.0,0,0.0,0,0.0,0.0,0.0,0.0,0.0,0,0.0,0.0,0.0,0.0,0.0,0,0,0,0,117.0,0.0,0.0,0.0,1745.0,0.0,0.0
2021-09-13,0,0.0,0,0.0,0.0,0.0,0.0,0.0,0,0.0,0,0.0,0.0,0.0,0.0,0.0,0,0.0,0.0,0.0,0.0,0.0,0,101178,0,0,85.0,150.89,0.0,0.0,1268.0,0.0,0.0
2021-09-14,0,0.0,0,0.0,0.0,0.0,0.0,0.0,0,0.0,0,0.0,0.0,0.0,0.0,0.0,0,0.0,0.0,0.0,0.0,0.0,0,0,0,0,81.0,0.0,0.0,0.0,1208.0,0.0,0.0
2021-09-15,0,0.0,0,0.0,0.0,0.0,0.0,0.0,0,0.0,0,0.0,0.0,0.0,0.0,0.0,0,0.0,0.0,0.0,0.0,0.0,0,101290,0,0,76.0,151.06,0.0,0.0,1133.0,0.0,0.0
2021-09-16,0,0.0,0,0.0,0.0,0.0,0.0,0.0,0,0.0,0,0.0,0.0,0.0,0.0,0.0,0,0.0,0.0,0.0,0.0,0.0,0,0,0,0,76.0,0.0,0.0,0.0,1133.0,0.0,0.0
2021-09-17,0,0.0,0,0.0,0.0,0.0,0.0,0.0,0,0.0,0,0.0,0.0,0.0,0.0,0.0,0,0.0,0.0,0.0,0.0,0.0,0,101487,0,0,76.0,151.36,0.0,0.0,1133.0,0.0,0.0
2021-09-18,0,0.0,0,0.0,0.0,0.0,0.0,0.0,0,0.0,0,0.0,0.0,0.0,0.0,0.0,0,0.0,0.0,0.0,0.0,0.0,0,0,0,0,70.0,0.0,0.0,0.0,1044.0,0.0,0.0
2021-09-19,0,0.0,0,0.0,0.0,0.0,0.0,0.0,0,0.0,0,0.0,0.0,0.0,0.0,0.0,0,0.0,0.0,0.0,0.0,0.0,0,0,0,0,64.0,0.0,0.0,0.0,954.0,0.0,0.0
2021-09-20,0,0.0,0,0.0,0.0,0.0,0.0,0.0,0,0.0,0,0.0,0.0,0.0,0.0,0.0,0,0.0,0.0,0.0,0.0,0.0,0,101586,0,0,58.0,151.5,0.0,0.0,865.0,0.0,0.0
2021-09-21,0,0.0,0,0.0,0.0,0.0,0.0,0.0,0,0.0,0,0.0,0.0,0.0,0.0,0.0,0,0.0,0.0,0.0,0.0,0.0,0,0,0,0,57.0,0.0,0.0,0.0,850.0,0.0,0.0
2021-09-22,0,0.0,0,0.0,0.0,0.0,0.0,0.0,0,0.0,0,0.0,0.0,0.0,0.0,0.0,0,0.0,0.0,0.0,0.0,0.0,0,101678,0,0,55.0,151.64,0.0,0.0,820.0,0.0,0.0
2021-09-23,0,0.0,0,0.0,0.0,0.0,0.0,0.0,0,0.0,0,0.0,0.0,0.0,0.0,0.0,0,0.0,0.0,0.0,0.0,0.0,0,0,0,0,47.0,0.0,0.0,0.0,701.0,0.0,0.0
2021-09-24,0,0.0,0,0.0,0.0,0.0,0.0,0.0,0,0.0,0,0.0,0.0,0.0,0.0,0.0,0,0.0,0.0,0.0,0.0,0.0,0,101759,0,0,39.0,151.76,0.0,0.0,582.0,0.0,0.0
2021-09-25,0,0.0,0,0.0,0.0,0.0,0.0,0.0,0,0.0,0,0.0,0.0,0.0,0.0,0.0,0,0.0,0.0,0.0,0.0,0.0,0,0,0,0,41.0,0.0,0.0,0.0,611.0,0.0,0.0
2021-09-26,0,0.0,0,0.0,0.0,0.0,0.0,0.0,0,0.0,0,0.0,0.0,0.0,0.0,0.0,0,0.0,0.0,0.0,0.0,0.0,0,0,0,0,43.0,0.0,0.0,0.0,641.0,0.0,0.0
2021-09-27,0,0.0,0,0.0,0.0,0.0,0.0,0.0,0,0.0,0,0.0,0.0,0.0,0.0,0.0,0,0.0,0.0,0.0,0.0,0.0,0,101898,0,0,45.0,151.97,0.0,0.0,671.0,0.0,0.0
2021-09-28,0,0.0,0,0.0,0.0,0.0,0.0,0.0,0,0.0,0,0.0,0.0,0.0,0.0,0.0,0,0.0,0.0,0.0,0.0,0.0,0,0,0,0,44.0,0.0,0.0,0.0,656.0,0.0,0.0
2021-09-29,0,0.0,0,0.0,0.0,0.0,0.0,0.0,0,0.0,0,0.0,0.0,0.0,0.0,0.0,0,0.0,0.0,0.0,0.0,0.0,0,101986,0,0,44.0,152.1,0.0,0.0,656.0,0.0,0.0
2021-09-30,0,0.0,0,0.0,0.0,0.0,0.0,0.0,0,0.0,0,0.0,0.0,0.0,0.0,0.0,0,0.0,0.0,0.0,0.0,0.0,0,0,0,0,42.0,0.0,0.0,0.0,626.0,0.0,0.0
2021-10-01,0,0.0,0,0.0,0.0,0.0,0.0,0.0,0,0.0,0,0.0,0.0,0.0,0.0,0.0,0,0.0,0.0,0.0,0.0,0.0,0,0,0,0,41.0,0.0,0.0,0.0,611.0,0.0,0.0
2021-10-02,0,0.0,0,0.0,0.0,0.0,0.0,0.0,0,0.0,0,0.0,0.0,0.0,0.0,0.0,0,0.0,0.0,0.0,0.0,0.0,0,0,0,0,38.0,0.0,0.0,0.0,567.0,0.0,0.0
2021-10-03,0,0.0,0,0.0,0.0,0.0,0.0,0.0,0,0.0,0,0.0,0.0,0.0,0.0,0.0,0,0.0,0.0,0.0,0.0,0.0,0,0,0,0,35.0,0.0,0.0,0.0,522.0,0.0,0.0
2021-10-04,0,0.0,0,0.0,0.0,0.0,0.0,0.0,0,0.0,0,0.0,0.0,0.0,0.0,0.0,0,0.0,0.0,0.0,0.0,0.0,0,0,0,0,33.0,0.0,0.0,0.0,492.0,0.0,0.0
2021-10-05,0,0.0,0,0.0,0.0,0.0,0.0,0.0,0,0.0,0,0.0,0.0,0.0,0.0,0.0,0,0.0,0.0,0.0,0.0,0.0,0,102157,0,0,31.0,152.35,0.0,0.0,462.0,0.0,0.0
